Team,season,W/L%,ORtg,DRtg,eFG%,3P%,TRB%,TOV%,Postseason,postseason_rank,net_rating
ATL,2002-2003,0.427,102.3,106.2,0.476,0.352,50.0,15.7,No Playoffs,0.0,-3.9000000000000057
BOS,2002-2003,0.537,101.2,101.6,0.47,0.334,47.4,13.4,Playoffs,1.0,-0.3999999999999915
CHI,2002-2003,0.366,100.2,105.6,0.471,0.35,48.9,15.4,No Playoffs,0.0,-5.3999999999999915
CLE,2002-2003,0.207,96.6,106.7,0.444,0.327,51.7,16.4,No Playoffs,0.0,-10.100000000000009
DAL,2002-2003,0.732,110.7,102.4,0.498,0.381,48.1,10.9,Playoffs,1.0,8.299999999999997
DEN,2002-2003,0.207,92.2,101.3,0.428,0.278,51.3,17.1,No Playoffs,0.0,-9.099999999999994
DET,2002-2003,0.61,104.1,99.9,0.473,0.358,49.6,13.3,Division Champ,2.0,4.199999999999989
GSW,2002-2003,0.463,108.3,109.5,0.472,0.344,51.6,13.9,No Playoffs,0.0,-1.2000000000000028
HOU,2002-2003,0.524,104.3,102.6,0.474,0.346,51.8,14.8,No Playoffs,0.0,1.7000000000000028
IND,2002-2003,0.585,104.6,100.8,0.469,0.339,51.1,13.7,Playoffs,1.0,3.799999999999997
LAC,2002-2003,0.329,102.3,106.8,0.467,0.331,49.7,14.8,No Playoffs,0.0,-4.5
LAL,2002-2003,0.61,107.2,104.7,0.486,0.356,51.3,13.3,Playoffs,1.0,2.5
MEM,2002-2003,0.341,103.9,107.3,0.487,0.365,48.1,14.2,No Playoffs,0.0,-3.3999999999999915
MIA,2002-2003,0.305,96.7,102.4,0.439,0.316,49.7,13.8,No Playoffs,0.0,-5.700000000000003
MIL,2002-2003,0.512,108.8,108.6,0.5,0.383,47.7,12.2,Playoffs,1.0,0.20000000000000284
MIN,2002-2003,0.622,106.1,103.9,0.488,0.368,51.1,12.9,Playoffs,1.0,2.1999999999999886
NJN,2002-2003,0.598,103.8,98.1,0.468,0.332,50.9,13.8,Conference Champ,3.0,5.700000000000003
NOH,2002-2003,0.573,103.9,101.6,0.465,0.376,52.2,13.9,Playoffs,1.0,2.3000000000000114
NYK,2002-2003,0.451,104.7,106.2,0.486,0.383,47.6,13.4,No Playoffs,0.0,-1.5
ORL,2002-2003,0.512,105.2,105.0,0.478,0.357,48.4,13.3,Playoffs,1.0,0.20000000000000284
PHI,2002-2003,0.585,105.0,102.5,0.466,0.311,51.1,13.7,Playoffs,1.0,2.5
PHO,2002-2003,0.537,103.7,102.5,0.473,0.343,49.8,13.7,Playoffs,1.0,1.2000000000000028
POR,2002-2003,0.61,105.5,102.6,0.489,0.33,51.3,14.5,Playoffs,1.0,2.9000000000000057
SAC,2002-2003,0.72,105.9,99.1,0.499,0.381,49.3,13.3,Division Champ,2.0,6.800000000000011
SAS,2002-2003,0.732,105.6,99.6,0.497,0.354,51.1,15.1,Won Championship,4.0,6.0
SEA,2002-2003,0.488,103.7,103.8,0.472,0.353,49.6,12.8,No Playoffs,0.0,-0.09999999999999432
TOR,2002-2003,0.293,100.5,107.0,0.458,0.343,48.6,13.6,No Playoffs,0.0,-6.5
UTA,2002-2003,0.573,105.5,102.8,0.486,0.349,52.1,16.0,Playoffs,1.0,2.700000000000003
WAS,2002-2003,0.451,103.0,104.1,0.46,0.312,49.4,13.0,No Playoffs,0.0,-1.0999999999999943
ATL,2003-2004,0.341,101.1,106.1,0.465,0.335,49.8,15.4,No Playoffs,0.0,-5.0
BOS,2003-2004,0.439,102.1,103.7,0.486,0.346,47.8,15.4,Playoffs,1.0,-1.6000000000000085
CHI,2003-2004,0.28,96.6,103.5,0.446,0.342,49.1,14.9,No Playoffs,0.0,-6.900000000000006
CLE,2003-2004,0.427,101.4,104.2,0.451,0.314,52.0,13.7,No Playoffs,0.0,-2.799999999999997
DAL,2003-2004,0.634,112.1,107.4,0.495,0.348,51.0,11.1,Playoffs,1.0,4.699999999999989
DEN,2003-2004,0.524,103.9,102.8,0.467,0.336,49.6,14.2,Playoffs,1.0,1.1000000000000085
DET,2003-2004,0.659,102.0,95.4,0.461,0.344,51.3,14.7,Won Championship,4.0,6.599999999999994
GSW,2003-2004,0.451,103.0,103.8,0.475,0.334,50.2,14.1,No Playoffs,0.0,-0.7999999999999972
HOU,2003-2004,0.549,101.0,99.0,0.484,0.366,51.7,16.4,Playoffs,1.0,2.0
IND,2003-2004,0.744,103.8,97.3,0.471,0.351,50.9,14.1,Division Champ,2.0,6.5
LAC,2003-2004,0.341,103.5,108.5,0.453,0.321,51.3,15.0,No Playoffs,0.0,-5.0
LAL,2003-2004,0.683,105.4,101.3,0.481,0.327,50.4,12.8,Conference Champ,3.0,4.1000000000000085
MEM,2003-2004,0.61,104.8,102.2,0.479,0.34,48.7,13.9,Playoffs,1.0,2.5999999999999943
MIA,2003-2004,0.512,102.2,101.7,0.463,0.357,50.2,13.5,Playoffs,1.0,0.5
MIL,2003-2004,0.5,106.5,105.4,0.477,0.35,49.7,12.7,Playoffs,1.0,1.0999999999999943
MIN,2003-2004,0.707,105.9,99.7,0.486,0.363,50.9,12.4,Division Champ,2.0,6.200000000000003
NJN,2003-2004,0.573,100.8,98.0,0.471,0.336,49.9,14.4,Division Champ,2.0,2.799999999999997
NOH,2003-2004,0.5,102.3,102.4,0.46,0.319,50.4,14.1,Playoffs,1.0,-0.10000000000000853
NYK,2003-2004,0.476,101.7,103.3,0.474,0.364,50.7,15.1,Playoffs,1.0,-1.5999999999999943
ORL,2003-2004,0.256,102.7,110.4,0.461,0.344,47.9,12.8,No Playoffs,0.0,-7.700000000000003
PHI,2003-2004,0.402,99.1,101.9,0.456,0.342,49.7,15.5,No Playoffs,0.0,-2.8000000000000114
PHO,2003-2004,0.354,101.4,105.5,0.475,0.345,48.1,14.3,No Playoffs,0.0,-4.099999999999994
POR,2003-2004,0.5,103.7,105.1,0.478,0.346,50.8,14.4,No Playoffs,0.0,-1.3999999999999915
SAC,2003-2004,0.671,110.3,104.9,0.507,0.401,48.4,13.0,Playoffs,1.0,5.3999999999999915
SAS,2003-2004,0.695,102.2,94.1,0.473,0.358,52.3,14.1,Playoffs,1.0,8.100000000000009
SEA,2003-2004,0.451,107.3,108.0,0.501,0.373,48.0,13.9,No Playoffs,0.0,-0.7000000000000028
TOR,2003-2004,0.402,97.0,100.4,0.454,0.356,46.8,14.1,No Playoffs,0.0,-3.4000000000000057
UTA,2003-2004,0.512,101.9,103.3,0.456,0.321,52.9,16.1,No Playoffs,0.0,-1.3999999999999915
WAS,2003-2004,0.305,98.8,104.8,0.454,0.341,49.6,16.0,No Playoffs,0.0,-6.0
ATL,2004-2005,0.159,100.6,111.1,0.464,0.312,50.4,14.9,No Playoffs,0.0,-10.5
BOS,2004-2005,0.549,107.5,106.6,0.501,0.349,49.1,14.7,Division Champ,2.0,0.9000000000000057
CHA,2004-2005,0.22,101.2,107.6,0.455,0.363,49.1,13.3,No Playoffs,0.0,-6.3999999999999915
CHI,2004-2005,0.573,101.4,100.2,0.471,0.357,50.6,15.5,Playoffs,1.0,1.2000000000000028
CLE,2004-2005,0.512,106.6,105.7,0.47,0.332,51.5,13.0,No Playoffs,0.0,0.8999999999999915
DAL,2004-2005,0.707,110.3,104.1,0.492,0.364,49.9,12.5,Playoffs,1.0,6.200000000000003
DEN,2004-2005,0.598,106.1,103.9,0.483,0.34,50.2,13.8,Playoffs,1.0,2.1999999999999886
DET,2004-2005,0.659,105.6,101.2,0.472,0.345,52.3,13.3,Conference Champ,3.0,4.3999999999999915
GSW,2004-2005,0.415,104.6,106.9,0.475,0.352,47.8,12.3,No Playoffs,0.0,-2.3000000000000114
HOU,2004-2005,0.622,106.2,101.7,0.486,0.364,51.0,13.5,Playoffs,1.0,4.5
IND,2004-2005,0.537,105.5,104.6,0.476,0.344,49.2,14.1,Playoffs,1.0,0.9000000000000057
LAC,2004-2005,0.451,105.5,106.4,0.477,0.345,51.5,14.9,No Playoffs,0.0,-0.9000000000000057
LAL,2004-2005,0.415,108.1,111.4,0.485,0.355,50.4,13.4,No Playoffs,0.0,-3.3000000000000114
MEM,2004-2005,0.549,105.5,102.9,0.489,0.357,48.6,14.3,Playoffs,1.0,2.5999999999999943
MIA,2004-2005,0.72,110.2,103.2,0.524,0.377,51.5,13.1,Division Champ,2.0,7.0
MIL,2004-2005,0.366,106.6,109.9,0.475,0.351,50.3,13.0,No Playoffs,0.0,-3.3000000000000114
MIN,2004-2005,0.537,108.2,106.6,0.489,0.345,51.0,12.7,No Playoffs,0.0,1.6000000000000085
NJN,2004-2005,0.512,101.5,103.2,0.463,0.362,49.0,13.7,Playoffs,1.0,-1.7000000000000028
NOH,2004-2005,0.22,99.8,107.7,0.446,0.315,49.0,14.2,No Playoffs,0.0,-7.900000000000006
NYK,2004-2005,0.402,106.2,108.9,0.485,0.356,49.6,13.8,No Playoffs,0.0,-2.700000000000003
ORL,2004-2005,0.439,104.9,107.3,0.478,0.349,50.9,14.6,No Playoffs,0.0,-2.3999999999999915
PHI,2004-2005,0.524,103.5,104.2,0.475,0.348,48.8,14.2,Playoffs,1.0,-0.7000000000000028
PHO,2004-2005,0.756,114.5,107.1,0.534,0.393,48.9,12.4,Division Champ,2.0,7.400000000000006
POR,2004-2005,0.329,103.2,107.7,0.484,0.362,49.4,15.2,No Playoffs,0.0,-4.5
SAC,2004-2005,0.61,110.5,108.2,0.496,0.374,48.9,12.0,Playoffs,1.0,2.299999999999997
SAS,2004-2005,0.72,107.6,98.8,0.492,0.363,51.3,13.2,Won Championship,4.0,8.799999999999997
SEA,2004-2005,0.634,112.2,109.6,0.495,0.365,51.9,13.0,Division Champ,2.0,2.6000000000000085
TOR,2004-2005,0.402,107.0,108.7,0.492,0.385,47.0,12.5,No Playoffs,0.0,-1.7000000000000028
UTA,2004-2005,0.317,104.8,109.6,0.469,0.328,51.6,15.0,No Playoffs,0.0,-4.799999999999997
WAS,2004-2005,0.549,107.2,107.5,0.474,0.343,49.9,12.9,Playoffs,1.0,-0.29999999999999716
ATL,2005-2006,0.317,106.4,111.6,0.486,0.367,49.9,14.7,No Playoffs,0.0,-5.199999999999989
BOS,2005-2006,0.402,105.2,106.9,0.504,0.362,49.7,15.7,No Playoffs,0.0,-1.7000000000000028
CHA,2005-2006,0.317,102.5,106.8,0.464,0.339,47.5,13.0,No Playoffs,0.0,-4.299999999999997
CHI,2005-2006,0.5,104.1,103.4,0.487,0.379,50.6,13.9,Playoffs,1.0,0.6999999999999886
CLE,2005-2006,0.61,107.9,105.4,0.492,0.339,51.8,13.3,Playoffs,1.0,2.5
DAL,2005-2006,0.732,111.8,105.0,0.495,0.374,52.4,13.1,Conference Champ,3.0,6.799999999999997
DEN,2005-2006,0.537,105.5,105.2,0.488,0.325,49.7,13.7,Division Champ,2.0,0.29999999999999716
DET,2005-2006,0.78,110.8,103.2,0.497,0.384,49.8,11.2,Division Champ,2.0,7.599999999999994
GSW,2005-2006,0.415,104.8,106.3,0.479,0.341,48.7,13.0,No Playoffs,0.0,-1.5
HOU,2005-2006,0.415,101.6,103.4,0.471,0.332,50.5,14.3,No Playoffs,0.0,-1.8000000000000114
IND,2005-2006,0.5,104.5,102.4,0.487,0.349,50.5,14.8,Playoffs,1.0,2.0999999999999943
LAC,2005-2006,0.573,105.3,103.6,0.487,0.344,51.8,13.8,Playoffs,1.0,1.7000000000000028
LAL,2005-2006,0.549,108.4,105.7,0.495,0.349,51.2,13.1,Playoffs,1.0,2.700000000000003
MEM,2005-2006,0.598,105.9,101.6,0.496,0.374,49.1,13.9,Playoffs,1.0,4.300000000000011
MIA,2005-2006,0.634,108.7,104.5,0.517,0.345,52.6,13.9,Won Championship,4.0,4.200000000000003
MIL,2005-2006,0.488,106.3,107.4,0.492,0.38,50.5,13.8,Playoffs,1.0,-1.1000000000000085
MIN,2005-2006,0.402,102.5,104.6,0.48,0.329,48.9,14.2,No Playoffs,0.0,-2.0999999999999943
NJN,2005-2006,0.598,103.9,102.4,0.478,0.33,49.8,13.3,Division Champ,2.0,1.5
NOK,2005-2006,0.463,103.7,106.8,0.464,0.339,49.5,12.9,No Playoffs,0.0,-3.0999999999999943
NYK,2005-2006,0.28,104.1,111.0,0.481,0.362,51.8,16.5,No Playoffs,0.0,-6.900000000000006
ORL,2005-2006,0.439,106.2,107.5,0.496,0.376,51.1,14.7,No Playoffs,0.0,-1.2999999999999972
PHI,2005-2006,0.463,106.0,108.1,0.487,0.364,48.5,13.3,No Playoffs,0.0,-2.0999999999999943
PHO,2005-2006,0.659,111.5,105.8,0.537,0.399,47.7,12.2,Division Champ,2.0,5.700000000000003
POR,2005-2006,0.256,101.1,111.9,0.474,0.349,47.1,14.5,No Playoffs,0.0,-10.800000000000011
SAC,2005-2006,0.537,106.7,105.1,0.492,0.351,49.0,13.9,Playoffs,1.0,1.6000000000000085
SAS,2005-2006,0.768,107.4,99.7,0.513,0.385,50.7,13.6,Division Champ,2.0,7.700000000000003
SEA,2005-2006,0.427,111.1,114.4,0.504,0.371,49.4,13.7,No Playoffs,0.0,-3.3000000000000114
TOR,2005-2006,0.329,109.5,112.7,0.5,0.375,48.3,12.4,No Playoffs,0.0,-3.200000000000003
UTA,2005-2006,0.5,104.1,107.1,0.467,0.336,52.6,15.0,No Playoffs,0.0,-3.0
WAS,2005-2006,0.512,109.4,107.4,0.484,0.357,49.5,12.8,Playoffs,1.0,2.0
ATL,2006-2007,0.366,103.0,108.3,0.471,0.329,49.8,15.1,No Playoffs,0.0,-5.299999999999997
BOS,2006-2007,0.293,103.2,106.9,0.479,0.367,49.9,15.4,No Playoffs,0.0,-3.700000000000003
CHA,2006-2007,0.402,103.6,107.6,0.48,0.357,48.3,13.9,No Playoffs,0.0,-4.0
CHI,2006-2007,0.598,105.0,99.6,0.493,0.388,51.6,14.7,Playoffs,1.0,5.400000000000006
CLE,2006-2007,0.61,105.5,101.3,0.484,0.352,52.2,13.4,Conference Champ,3.0,4.200000000000003
DAL,2006-2007,0.817,111.3,103.2,0.509,0.381,52.4,13.4,Division Champ,2.0,8.099999999999994
DEN,2006-2007,0.549,107.6,105.9,0.501,0.336,50.7,14.6,Playoffs,1.0,1.6999999999999886
DET,2006-2007,0.646,108.9,104.2,0.488,0.344,49.6,12.0,Division Champ,2.0,4.700000000000003
GSW,2006-2007,0.512,107.0,107.4,0.512,0.356,47.1,14.1,Playoffs,1.0,-0.4000000000000057
HOU,2006-2007,0.634,106.0,100.7,0.499,0.372,51.5,13.6,Playoffs,1.0,5.299999999999997
IND,2006-2007,0.427,102.9,105.6,0.474,0.346,50.1,15.1,No Playoffs,0.0,-2.6999999999999886
LAC,2006-2007,0.488,105.1,105.6,0.481,0.348,51.2,14.5,No Playoffs,0.0,-0.5
LAL,2006-2007,0.512,108.5,108.6,0.511,0.353,49.4,14.3,Playoffs,1.0,-0.09999999999999432
MEM,2006-2007,0.268,106.9,112.3,0.504,0.367,48.5,15.2,No Playoffs,0.0,-5.3999999999999915
MIA,2006-2007,0.537,104.3,105.3,0.506,0.343,49.7,14.3,Division Champ,2.0,-1.0
MIL,2006-2007,0.341,107.0,111.7,0.504,0.356,47.6,14.1,No Playoffs,0.0,-4.700000000000003
MIN,2006-2007,0.39,103.9,107.9,0.49,0.353,49.2,14.8,No Playoffs,0.0,-4.0
NJN,2006-2007,0.5,105.7,106.6,0.504,0.363,49.7,14.2,Playoffs,1.0,-0.8999999999999915
NOK,2006-2007,0.476,104.8,106.6,0.479,0.362,51.4,13.6,No Playoffs,0.0,-1.7999999999999972
NYK,2006-2007,0.402,105.7,108.8,0.494,0.346,52.7,15.9,No Playoffs,0.0,-3.0999999999999943
ORL,2006-2007,0.488,105.0,104.1,0.5,0.356,52.0,16.3,Playoffs,1.0,0.9000000000000057
PHI,2006-2007,0.427,103.7,107.0,0.48,0.345,49.1,14.6,No Playoffs,0.0,-3.299999999999997
PHO,2006-2007,0.744,113.9,106.4,0.551,0.399,48.6,13.4,Division Champ,2.0,7.5
POR,2006-2007,0.39,105.1,109.9,0.483,0.346,50.2,14.5,No Playoffs,0.0,-4.800000000000011
SAC,2006-2007,0.402,106.2,108.1,0.491,0.35,47.3,13.5,No Playoffs,0.0,-1.8999999999999915
SAS,2006-2007,0.707,109.2,99.9,0.521,0.381,51.0,13.6,Won Championship,4.0,9.299999999999997
SEA,2006-2007,0.378,107.2,110.3,0.499,0.362,49.2,14.5,No Playoffs,0.0,-3.0999999999999943
TOR,2006-2007,0.573,107.1,106.0,0.504,0.363,48.1,13.0,Division Champ,2.0,1.0999999999999943
UTA,2006-2007,0.622,110.1,107.0,0.502,0.335,53.4,14.5,Division Champ,2.0,3.0999999999999943
WAS,2006-2007,0.5,110.1,110.6,0.491,0.348,48.9,12.6,Playoffs,1.0,-0.5
ATL,2007-2008,0.451,106.9,108.9,0.483,0.356,50.8,14.0,Playoffs,1.0,-2.0
BOS,2007-2008,0.805,110.2,99.0,0.522,0.381,51.9,14.7,Won Championship,4.0,11.200000000000003
CHA,2007-2008,0.39,104.7,109.4,0.492,0.367,48.2,13.9,No Playoffs,0.0,-4.700000000000003
CHI,2007-2008,0.402,104.0,107.3,0.47,0.363,50.2,13.4,No Playoffs,0.0,-3.299999999999997
CLE,2007-2008,0.549,106.0,106.4,0.48,0.358,52.4,13.1,Playoffs,1.0,-0.4000000000000057
DAL,2007-2008,0.622,111.1,106.1,0.502,0.352,51.6,12.3,Playoffs,1.0,5.0
DEN,2007-2008,0.61,110.0,106.3,0.51,0.355,49.3,12.9,Playoffs,1.0,3.700000000000003
DET,2007-2008,0.72,111.4,102.9,0.495,0.366,51.4,11.4,Division Champ,2.0,8.5
GSW,2007-2008,0.585,111.8,109.6,0.511,0.348,47.9,11.5,No Playoffs,0.0,2.200000000000003
HOU,2007-2008,0.671,106.8,101.6,0.492,0.342,52.3,13.0,Playoffs,1.0,5.200000000000003
IND,2007-2008,0.439,106.1,107.5,0.498,0.374,48.7,13.5,No Playoffs,0.0,-1.4000000000000057
LAC,2007-2008,0.28,101.2,109.1,0.465,0.324,47.9,13.7,No Playoffs,0.0,-7.8999999999999915
LAL,2007-2008,0.695,113.0,105.4,0.525,0.378,50.8,12.9,Conference Champ,3.0,7.599999999999994
MEM,2007-2008,0.268,105.0,111.4,0.5,0.349,48.3,14.0,No Playoffs,0.0,-6.400000000000006
MIA,2007-2008,0.183,100.5,110.0,0.482,0.358,46.6,14.4,No Playoffs,0.0,-9.5
MIL,2007-2008,0.317,105.3,112.7,0.482,0.344,50.6,13.7,No Playoffs,0.0,-7.400000000000006
MIN,2007-2008,0.268,103.8,111.2,0.484,0.35,49.8,13.6,No Playoffs,0.0,-7.400000000000006
NJN,2007-2008,0.415,104.0,109.4,0.481,0.348,50.1,14.2,No Playoffs,0.0,-5.400000000000006
NOH,2007-2008,0.683,111.5,105.7,0.512,0.389,50.6,11.4,Division Champ,2.0,5.799999999999997
NYK,2007-2008,0.28,104.7,111.9,0.475,0.337,49.9,13.4,No Playoffs,0.0,-7.200000000000003
ORL,2007-2008,0.634,111.4,105.5,0.537,0.386,50.2,13.6,Division Champ,2.0,5.900000000000006
PHI,2007-2008,0.488,106.4,106.0,0.482,0.317,51.7,13.4,Playoffs,1.0,0.4000000000000057
PHO,2007-2008,0.671,113.3,108.1,0.551,0.393,48.6,13.4,Playoffs,1.0,5.200000000000003
POR,2007-2008,0.5,107.3,108.4,0.489,0.377,49.4,12.6,No Playoffs,0.0,-1.1000000000000085
SAC,2007-2008,0.463,107.5,109.9,0.503,0.373,48.9,14.8,No Playoffs,0.0,-2.4000000000000057
SAS,2007-2008,0.683,107.2,101.8,0.504,0.369,50.6,12.6,Playoffs,1.0,5.400000000000006
SEA,2007-2008,0.244,100.5,109.5,0.467,0.333,50.3,14.3,No Playoffs,0.0,-9.0
TOR,2007-2008,0.5,110.2,107.0,0.511,0.392,49.1,11.4,Playoffs,1.0,3.200000000000003
UTA,2007-2008,0.659,113.8,106.5,0.528,0.372,52.0,13.6,Division Champ,2.0,7.299999999999997
WAS,2007-2008,0.524,109.3,109.6,0.489,0.356,50.2,12.5,Playoffs,1.0,-0.29999999999999716
ATL,2008-2009,0.573,109.4,107.6,0.504,0.366,48.9,12.5,Playoffs,1.0,1.8000000000000114
BOS,2008-2009,0.756,110.5,102.3,0.528,0.397,52.8,15.0,Division Champ,2.0,8.200000000000003
CHA,2008-2009,0.427,104.7,106.1,0.494,0.366,50.5,15.1,No Playoffs,0.0,-1.3999999999999915
CHI,2008-2009,0.5,108.4,108.7,0.493,0.381,49.6,13.3,Playoffs,1.0,-0.29999999999999716
CLE,2008-2009,0.805,112.5,102.5,0.519,0.393,52.0,12.5,Division Champ,2.0,10.0
DAL,2008-2009,0.61,110.5,108.4,0.504,0.35,50.8,12.1,Playoffs,1.0,2.0999999999999943
DEN,2008-2009,0.659,110.4,106.8,0.512,0.371,50.2,14.2,Division Champ,2.0,3.6000000000000085
DET,2008-2009,0.476,107.4,108.0,0.483,0.349,50.6,11.7,Playoffs,1.0,-0.5999999999999943
GSW,2008-2009,0.354,109.5,113.3,0.497,0.373,47.2,12.9,No Playoffs,0.0,-3.799999999999997
HOU,2008-2009,0.646,108.4,104.0,0.501,0.375,51.9,13.6,Playoffs,1.0,4.400000000000006
IND,2008-2009,0.439,108.1,109.2,0.501,0.378,49.8,13.1,No Playoffs,0.0,-1.1000000000000085
LAC,2008-2009,0.232,102.3,111.7,0.481,0.354,47.5,14.0,No Playoffs,0.0,-9.400000000000006
LAL,2008-2009,0.793,112.8,104.8,0.513,0.361,51.4,12.3,Won Championship,4.0,8.0
MEM,2008-2009,0.293,103.5,109.5,0.486,0.36,49.3,14.8,No Playoffs,0.0,-6.0
MIA,2008-2009,0.524,107.9,107.6,0.5,0.357,48.6,12.1,Playoffs,1.0,0.30000000000001137
MIL,2008-2009,0.415,106.8,107.9,0.483,0.363,49.9,13.1,No Playoffs,0.0,-1.1000000000000085
MIN,2008-2009,0.293,106.1,111.4,0.481,0.353,50.5,13.3,No Playoffs,0.0,-5.300000000000011
NJN,2008-2009,0.415,108.3,111.0,0.497,0.376,49.0,12.7,No Playoffs,0.0,-2.700000000000003
NOH,2008-2009,0.598,108.8,107.0,0.501,0.364,49.8,12.5,Playoffs,1.0,1.7999999999999972
NYK,2008-2009,0.39,108.1,110.8,0.503,0.36,47.8,12.9,No Playoffs,0.0,-2.700000000000003
OKC,2008-2009,0.28,103.0,109.4,0.471,0.346,50.8,14.8,No Playoffs,0.0,-6.400000000000006
ORL,2008-2009,0.72,109.1,101.9,0.52,0.381,50.7,13.4,Conference Champ,3.0,7.199999999999989
PHI,2008-2009,0.5,107.9,107.8,0.485,0.318,51.2,13.4,Playoffs,1.0,0.10000000000000853
PHO,2008-2009,0.561,113.6,111.6,0.545,0.383,50.6,14.4,No Playoffs,0.0,2.0
POR,2008-2009,0.659,113.9,107.8,0.511,0.383,53.5,12.5,Playoffs,1.0,6.1000000000000085
SAC,2008-2009,0.207,105.6,114.8,0.491,0.368,47.0,14.3,No Playoffs,0.0,-9.200000000000003
SAS,2008-2009,0.659,108.5,104.3,0.513,0.386,50.4,11.7,Division Champ,2.0,4.200000000000003
TOR,2008-2009,0.402,107.0,110.0,0.494,0.372,49.1,12.8,No Playoffs,0.0,-3.0
UTA,2008-2009,0.585,110.1,107.3,0.504,0.349,50.5,13.6,Playoffs,1.0,2.799999999999997
WAS,2008-2009,0.232,105.4,113.6,0.48,0.33,49.0,13.2,No Playoffs,0.0,-8.199999999999989
ATL,2009-2010,0.646,111.9,106.8,0.506,0.36,50.2,11.4,Playoffs,1.0,5.1000000000000085
BOS,2009-2010,0.61,107.7,103.8,0.522,0.348,49.1,14.5,Conference Champ,3.0,3.9000000000000057
CHA,2009-2010,0.537,104.4,102.8,0.49,0.346,50.7,15.1,Playoffs,1.0,1.6000000000000085
CHI,2009-2010,0.5,103.5,105.2,0.477,0.33,51.0,13.3,Playoffs,1.0,-1.7000000000000028
CLE,2009-2010,0.744,111.2,104.1,0.532,0.381,52.4,13.4,Division Champ,2.0,7.1000000000000085
DAL,2009-2010,0.671,109.2,106.3,0.506,0.372,49.3,12.3,Division Champ,2.0,2.9000000000000057
DEN,2009-2010,0.646,111.8,107.5,0.509,0.359,49.5,12.7,Division Champ,2.0,4.299999999999997
DET,2009-2010,0.329,105.7,111.4,0.474,0.314,50.5,12.8,No Playoffs,0.0,-5.700000000000003
GSW,2009-2010,0.317,108.2,111.7,0.514,0.375,44.4,13.1,No Playoffs,0.0,-3.5
HOU,2009-2010,0.512,107.7,108.1,0.494,0.351,49.5,13.2,No Playoffs,0.0,-0.3999999999999915
IND,2009-2010,0.39,103.7,106.8,0.491,0.348,47.1,13.8,No Playoffs,0.0,-3.0999999999999943
LAC,2009-2010,0.354,103.3,110.1,0.491,0.332,50.4,14.8,No Playoffs,0.0,-6.799999999999997
LAL,2009-2010,0.695,108.8,103.8,0.496,0.341,51.2,12.4,Won Championship,4.0,5.0
MEM,2009-2010,0.488,108.3,109.9,0.494,0.337,52.3,13.7,No Playoffs,0.0,-1.6000000000000085
MIA,2009-2010,0.573,106.6,104.1,0.496,0.346,50.7,12.8,Playoffs,1.0,2.5
MIL,2009-2010,0.561,104.9,103.1,0.482,0.356,50.1,12.3,Playoffs,1.0,1.8000000000000114
MIN,2009-2010,0.183,101.7,111.6,0.478,0.341,49.7,14.6,No Playoffs,0.0,-9.899999999999991
NJN,2009-2010,0.146,100.6,110.6,0.458,0.318,47.4,13.7,No Playoffs,0.0,-10.0
NOH,2009-2010,0.451,107.4,110.1,0.506,0.363,48.9,12.7,No Playoffs,0.0,-2.6999999999999886
NYK,2009-2010,0.354,107.6,111.6,0.509,0.346,47.4,13.0,No Playoffs,0.0,-4.0
OKC,2009-2010,0.61,108.4,104.6,0.494,0.34,51.7,13.9,Playoffs,1.0,3.8000000000000114
ORL,2009-2010,0.72,111.4,103.2,0.536,0.375,51.9,13.6,Division Champ,2.0,8.200000000000003
PHI,2009-2010,0.329,106.1,110.3,0.496,0.343,50.0,13.7,No Playoffs,0.0,-4.200000000000003
PHO,2009-2010,0.659,115.4,110.2,0.546,0.412,50.4,13.6,Playoffs,1.0,5.200000000000003
POR,2009-2010,0.61,110.9,107.1,0.499,0.354,51.3,12.1,Playoffs,1.0,3.8000000000000114
SAC,2009-2010,0.305,105.4,110.0,0.491,0.349,50.3,13.6,No Playoffs,0.0,-4.599999999999994
SAS,2009-2010,0.61,110.0,104.5,0.515,0.358,52.0,12.9,Playoffs,1.0,5.5
TOR,2009-2010,0.488,111.3,113.2,0.521,0.371,49.5,12.7,No Playoffs,0.0,-1.9000000000000057
UTA,2009-2010,0.646,110.7,105.1,0.524,0.364,51.9,14.2,Playoffs,1.0,5.6000000000000085
WAS,2009-2010,0.317,104.2,109.4,0.481,0.353,49.7,13.9,No Playoffs,0.0,-5.200000000000003
ATL,2010-2011,0.537,106.2,107.1,0.501,0.352,49.2,13.5,Playoffs,1.0,-0.8999999999999915
BOS,2010-2011,0.683,106.3,100.4,0.519,0.365,49.5,14.5,Division Champ,2.0,5.8999999999999915
CHA,2010-2011,0.415,103.4,107.9,0.482,0.327,50.3,14.1,No Playoffs,0.0,-4.5
CHI,2010-2011,0.756,108.4,100.3,0.501,0.361,53.5,13.5,Division Champ,2.0,8.100000000000009
CLE,2010-2011,0.232,102.2,111.8,0.472,0.342,48.1,13.4,No Playoffs,0.0,-9.599999999999994
DAL,2010-2011,0.695,109.7,105.0,0.525,0.365,50.4,13.6,Won Championship,4.0,4.700000000000003
DEN,2010-2011,0.61,112.3,107.3,0.526,0.388,50.4,13.1,Playoffs,1.0,5.0
DET,2010-2011,0.366,107.7,111.7,0.495,0.376,48.7,12.5,No Playoffs,0.0,-4.0
GSW,2010-2011,0.439,108.2,110.7,0.51,0.392,47.5,13.3,No Playoffs,0.0,-2.5
HOU,2010-2011,0.524,111.3,109.0,0.503,0.367,50.0,12.3,No Playoffs,0.0,2.299999999999997
IND,2010-2011,0.451,104.8,106.0,0.486,0.354,50.2,14.1,Playoffs,1.0,-1.2000000000000028
LAC,2010-2011,0.39,105.4,108.7,0.496,0.338,51.0,15.1,No Playoffs,0.0,-3.299999999999997
LAL,2010-2011,0.695,111.0,104.3,0.502,0.352,51.5,12.3,Division Champ,2.0,6.700000000000003
MEM,2010-2011,0.561,107.7,105.2,0.493,0.334,50.5,13.0,Playoffs,1.0,2.5
MIA,2010-2011,0.707,111.7,103.6,0.524,0.37,51.8,13.5,Conference Champ,3.0,8.100000000000009
MIL,2010-2011,0.427,101.6,102.5,0.467,0.342,49.1,13.0,No Playoffs,0.0,-0.9000000000000057
MIN,2010-2011,0.207,104.2,111.1,0.483,0.376,51.1,15.1,No Playoffs,0.0,-6.8999999999999915
NJN,2010-2011,0.293,103.1,109.9,0.474,0.343,49.4,13.4,No Playoffs,0.0,-6.800000000000011
NOH,2010-2011,0.561,106.2,105.2,0.493,0.36,50.5,12.8,Playoffs,1.0,1.0
NYK,2010-2011,0.512,110.9,110.1,0.513,0.368,47.9,12.6,Playoffs,1.0,0.8000000000000114
OKC,2010-2011,0.671,111.2,107.2,0.501,0.347,51.3,13.1,Division Champ,2.0,4.0
ORL,2010-2011,0.634,107.9,102.0,0.521,0.366,52.1,14.3,Playoffs,1.0,5.900000000000006
PHI,2010-2011,0.5,106.7,105.1,0.494,0.355,49.6,12.3,Playoffs,1.0,1.6000000000000085
PHO,2010-2011,0.488,109.5,110.4,0.522,0.377,47.6,13.2,No Playoffs,0.0,-0.9000000000000057
POR,2010-2011,0.585,108.9,107.1,0.486,0.345,49.8,12.6,Playoffs,1.0,1.8000000000000114
SAC,2010-2011,0.293,103.5,109.1,0.48,0.335,51.6,14.4,No Playoffs,0.0,-5.599999999999994
SAS,2010-2011,0.744,111.8,105.6,0.527,0.397,50.4,12.8,Division Champ,2.0,6.200000000000003
TOR,2010-2011,0.268,106.2,112.9,0.491,0.316,49.5,13.7,No Playoffs,0.0,-6.700000000000003
UTA,2010-2011,0.476,108.1,110.1,0.498,0.346,49.1,13.5,No Playoffs,0.0,-2.0
WAS,2010-2011,0.28,102.4,110.2,0.471,0.332,48.5,13.9,No Playoffs,0.0,-7.799999999999997
ATL,2012-2013,0.537,104.8,104.4,0.517,0.371,48.3,14.2,Playoffs,1.0,0.3999999999999915
BRK,2012-2013,0.598,108.2,106.2,0.498,0.357,52.2,14.0,Playoffs,1.0,2.0
CHA,2012-2013,0.256,101.5,111.6,0.46,0.335,47.8,13.2,No Playoffs,0.0,-10.099999999999994
CHI,2012-2013,0.549,103.5,103.2,0.47,0.353,51.2,13.6,Playoffs,1.0,0.29999999999999716
CLE,2012-2013,0.293,104.4,109.4,0.473,0.346,49.3,13.0,No Playoffs,0.0,-5.0
DAL,2012-2013,0.5,105.9,106.5,0.506,0.372,47.9,13.0,No Playoffs,0.0,-0.5999999999999943
DEN,2012-2013,0.695,110.4,105.1,0.515,0.343,52.0,13.6,Playoffs,1.0,5.300000000000011
DET,2012-2013,0.354,103.8,108.2,0.487,0.356,50.2,14.3,No Playoffs,0.0,-4.400000000000006
GSW,2012-2013,0.573,106.4,105.5,0.506,0.403,51.3,14.0,Playoffs,1.0,0.9000000000000057
HOU,2012-2013,0.549,109.7,106.1,0.525,0.366,51.0,14.9,Playoffs,1.0,3.6000000000000085
LAC,2012-2013,0.683,110.6,103.6,0.526,0.358,51.6,13.9,Division Champ,2.0,7.0
LAL,2012-2013,0.549,107.9,106.6,0.512,0.355,51.2,13.9,Playoffs,1.0,1.3000000000000114
MEM,2012-2013,0.683,105.0,100.3,0.472,0.345,52.2,13.3,Playoffs,1.0,4.700000000000003
MIA,2012-2013,0.805,112.4,103.8,0.552,0.396,49.0,13.7,Won Championship,4.0,8.600000000000009
MIL,2012-2013,0.463,103.7,105.2,0.476,0.36,48.8,12.7,Playoffs,1.0,-1.5
MIN,2012-2013,0.378,102.9,105.4,0.473,0.305,49.9,13.8,No Playoffs,0.0,-2.5
NOH,2012-2013,0.329,105.7,110.1,0.489,0.363,51.4,14.0,No Playoffs,0.0,-4.3999999999999915
NYK,2012-2013,0.659,111.0,106.3,0.515,0.376,49.3,11.7,Division Champ,2.0,4.700000000000003
OKC,2012-2013,0.732,112.4,102.6,0.527,0.377,51.7,14.4,Division Champ,2.0,9.800000000000011
ORL,2012-2013,0.244,101.6,109.2,0.485,0.329,50.0,13.7,No Playoffs,0.0,-7.6000000000000085
PHI,2012-2013,0.415,102.0,105.7,0.481,0.36,48.4,12.5,No Playoffs,0.0,-3.700000000000003
PHO,2012-2013,0.305,101.2,108.1,0.477,0.33,49.0,14.3,No Playoffs,0.0,-6.8999999999999915
POR,2012-2013,0.402,105.7,109.2,0.498,0.353,49.0,13.9,No Playoffs,0.0,-3.5
SAC,2012-2013,0.341,106.2,111.4,0.491,0.363,48.2,13.4,No Playoffs,0.0,-5.200000000000003
SAS,2012-2013,0.707,108.3,101.6,0.531,0.376,49.3,14.0,Conference Champ,3.0,6.700000000000003
TOR,2012-2013,0.415,105.9,107.5,0.488,0.343,49.1,13.0,No Playoffs,0.0,-1.5999999999999943
UTA,2012-2013,0.524,106.7,106.8,0.492,0.366,50.7,13.8,No Playoffs,0.0,-0.09999999999999432
WAS,2012-2013,0.354,100.2,102.9,0.475,0.365,49.4,14.2,No Playoffs,0.0,-2.700000000000003
ATL,2013-2014,0.463,105.9,106.4,0.515,0.363,47.9,14.3,Playoffs,1.0,-0.5
BOS,2013-2014,0.305,102.9,107.7,0.477,0.333,50.1,14.2,No Playoffs,0.0,-4.799999999999997
BRK,2013-2014,0.537,106.7,107.7,0.514,0.369,47.1,14.1,Playoffs,1.0,-1.0
CHA,2013-2014,0.524,103.6,103.8,0.481,0.351,49.6,11.7,Playoffs,1.0,-0.20000000000000284
CHI,2013-2014,0.585,102.5,100.5,0.471,0.348,51.7,14.2,Playoffs,1.0,2.0
CLE,2013-2014,0.402,104.2,107.7,0.479,0.356,50.9,13.0,No Playoffs,0.0,-3.5
DAL,2013-2014,0.598,111.3,108.7,0.526,0.384,48.8,12.7,Playoffs,1.0,2.5999999999999943
DEN,2013-2014,0.439,106.1,108.2,0.497,0.358,50.9,14.0,No Playoffs,0.0,-2.1000000000000085
DET,2013-2014,0.354,105.9,109.7,0.482,0.321,51.4,12.9,No Playoffs,0.0,-3.799999999999997
GSW,2013-2014,0.622,107.6,102.6,0.517,0.38,51.1,13.8,Playoffs,1.0,5.0
HOU,2013-2014,0.659,111.0,106.3,0.531,0.358,52.1,14.6,Playoffs,1.0,4.700000000000003
IND,2013-2014,0.683,104.1,99.4,0.49,0.357,52.1,14.3,Division Champ,2.0,4.699999999999989
LAC,2013-2014,0.695,112.1,104.8,0.526,0.352,49.6,12.7,Division Champ,2.0,7.299999999999997
LAL,2013-2014,0.329,104.2,110.6,0.505,0.381,45.6,13.7,No Playoffs,0.0,-6.3999999999999915
MEM,2013-2014,0.61,106.3,104.6,0.494,0.353,52.0,13.1,Playoffs,1.0,1.7000000000000028
MIA,2013-2014,0.659,111.0,105.8,0.554,0.364,47.8,14.6,Conference Champ,3.0,5.200000000000003
MIL,2013-2014,0.183,103.0,111.8,0.479,0.353,48.6,14.1,No Playoffs,0.0,-8.799999999999997
MIN,2013-2014,0.488,108.9,106.2,0.486,0.341,50.3,12.2,No Playoffs,0.0,2.700000000000003
NOP,2013-2014,0.415,107.2,110.1,0.495,0.373,50.0,12.9,No Playoffs,0.0,-2.8999999999999915
NYK,2013-2014,0.451,108.3,109.2,0.505,0.372,49.0,12.5,No Playoffs,0.0,-0.9000000000000057
OKC,2013-2014,0.72,110.5,103.9,0.52,0.361,52.2,14.0,Division Champ,2.0,6.599999999999994
ORL,2013-2014,0.28,101.7,107.4,0.487,0.353,48.9,13.9,No Playoffs,0.0,-5.700000000000003
PHI,2013-2014,0.232,99.4,109.9,0.475,0.312,47.7,14.8,No Playoffs,0.0,-10.5
PHO,2013-2014,0.585,109.5,106.8,0.519,0.372,50.1,14.0,No Playoffs,0.0,2.700000000000003
POR,2013-2014,0.659,111.5,107.4,0.504,0.372,51.6,12.4,Playoffs,1.0,4.099999999999994
SAC,2013-2014,0.341,105.7,108.8,0.484,0.333,51.9,13.9,No Playoffs,0.0,-3.0999999999999943
SAS,2013-2014,0.756,110.5,102.4,0.537,0.397,50.6,13.5,Won Championship,4.0,8.099999999999994
TOR,2013-2014,0.585,108.8,105.3,0.498,0.372,50.9,13.2,Division Champ,2.0,3.5
UTA,2013-2014,0.305,103.5,111.3,0.484,0.344,49.2,13.9,No Playoffs,0.0,-7.799999999999997
WAS,2013-2014,0.537,106.0,104.7,0.506,0.38,50.0,13.6,Playoffs,1.0,1.2999999999999972
ATL,2014-2015,0.732,109.0,103.2,0.527,0.38,48.2,13.5,Division Champ,2.0,5.799999999999997
BOS,2014-2015,0.488,104.7,104.5,0.489,0.327,49.5,12.5,Playoffs,1.0,0.20000000000000284
BRK,2014-2015,0.463,104.4,107.4,0.491,0.331,48.9,13.0,Playoffs,1.0,-3.0
CHI,2014-2015,0.61,107.6,104.4,0.489,0.353,51.3,12.9,Playoffs,1.0,3.1999999999999886
CHO,2014-2015,0.402,100.1,103.5,0.456,0.318,50.0,11.2,No Playoffs,0.0,-3.4000000000000057
CLE,2014-2015,0.646,111.2,106.3,0.52,0.367,51.1,13.4,Conference Champ,3.0,4.900000000000006
DAL,2014-2015,0.61,109.5,106.4,0.515,0.352,47.8,11.9,Playoffs,1.0,3.0999999999999943
DEN,2014-2015,0.366,104.5,108.2,0.479,0.325,49.8,12.7,No Playoffs,0.0,-3.700000000000003
DET,2014-2015,0.39,105.4,106.4,0.482,0.344,50.4,12.3,No Playoffs,0.0,-1.0
GSW,2014-2015,0.817,111.6,101.3,0.54,0.398,50.1,13.1,Won Championship,4.0,10.299999999999997
HOU,2014-2015,0.683,106.9,103.4,0.512,0.348,49.9,15.0,Division Champ,2.0,3.5
IND,2014-2015,0.463,103.6,103.3,0.484,0.352,51.2,13.1,No Playoffs,0.0,0.29999999999999716
LAC,2014-2015,0.683,112.4,105.5,0.533,0.376,49.8,11.6,Playoffs,1.0,6.900000000000006
LAL,2014-2015,0.256,103.5,110.7,0.473,0.344,49.8,12.1,No Playoffs,0.0,-7.200000000000003
MEM,2014-2015,0.671,105.7,102.2,0.489,0.339,50.1,12.6,Playoffs,1.0,3.5
MIA,2014-2015,0.451,103.9,106.8,0.5,0.335,48.8,14.5,No Playoffs,0.0,-2.8999999999999915
MIL,2014-2015,0.5,102.7,102.3,0.499,0.363,49.5,15.5,Playoffs,1.0,0.4000000000000057
MIN,2014-2015,0.195,102.9,112.2,0.468,0.332,48.4,13.7,No Playoffs,0.0,-9.299999999999997
NOP,2014-2015,0.549,108.2,107.4,0.501,0.37,51.1,12.5,Playoffs,1.0,0.7999999999999972
NYK,2014-2015,0.207,99.9,110.0,0.47,0.347,48.1,14.0,No Playoffs,0.0,-10.099999999999994
OKC,2014-2015,0.549,107.8,105.5,0.492,0.339,52.6,13.1,No Playoffs,0.0,2.299999999999997
ORL,2014-2015,0.305,101.6,107.7,0.494,0.347,49.0,14.0,No Playoffs,0.0,-6.1000000000000085
PHI,2014-2015,0.22,95.5,104.8,0.459,0.32,48.1,16.0,No Playoffs,0.0,-9.299999999999997
PHO,2014-2015,0.476,105.3,106.2,0.501,0.341,48.8,13.7,No Playoffs,0.0,-0.9000000000000057
POR,2014-2015,0.622,108.2,103.7,0.508,0.362,50.7,12.6,Division Champ,2.0,4.5
SAC,2014-2015,0.354,105.4,109.2,0.49,0.341,51.8,14.8,No Playoffs,0.0,-3.799999999999997
SAS,2014-2015,0.671,108.5,102.0,0.517,0.367,50.9,13.1,Playoffs,1.0,6.5
TOR,2014-2015,0.598,111.1,107.8,0.508,0.352,49.5,12.0,Division Champ,2.0,3.299999999999997
UTA,2014-2015,0.463,105.1,104.9,0.494,0.343,52.8,14.6,No Playoffs,0.0,0.19999999999998863
WAS,2014-2015,0.561,103.7,103.0,0.499,0.36,51.7,14.0,Playoffs,1.0,0.7000000000000028
ATL,2015-2016,0.585,105.1,101.4,0.516,0.35,47.5,13.8,Playoffs,1.0,3.6999999999999886
BOS,2015-2016,0.585,106.8,103.6,0.488,0.335,49.4,12.1,Playoffs,1.0,3.200000000000003
BRK,2015-2016,0.256,103.2,110.9,0.492,0.352,49.4,13.6,No Playoffs,0.0,-7.700000000000003
CHI,2015-2016,0.512,105.0,106.5,0.487,0.371,50.2,12.6,No Playoffs,0.0,-1.5
CHO,2015-2016,0.585,107.2,104.3,0.502,0.362,49.6,11.7,Playoffs,1.0,2.9000000000000057
CLE,2015-2016,0.695,110.9,104.5,0.524,0.362,52.0,12.7,Won Championship,4.0,6.400000000000006
DAL,2015-2016,0.512,106.7,107.1,0.502,0.344,48.5,12.0,Playoffs,1.0,-0.3999999999999915
DEN,2015-2016,0.402,105.7,108.9,0.489,0.338,51.1,13.2,No Playoffs,0.0,-3.200000000000003
DET,2015-2016,0.537,106.2,105.5,0.491,0.345,52.1,12.2,Playoffs,1.0,0.7000000000000028
GSW,2015-2016,0.89,114.5,103.8,0.563,0.416,51.3,13.5,Conference Champ,3.0,10.700000000000003
HOU,2015-2016,0.5,108.3,108.1,0.516,0.347,49.1,14.2,Playoffs,1.0,0.20000000000000284
IND,2015-2016,0.549,104.7,102.9,0.497,0.351,49.8,13.5,Playoffs,1.0,1.7999999999999972
LAC,2015-2016,0.646,108.3,103.8,0.524,0.364,47.4,12.1,Playoffs,1.0,4.5
LAL,2015-2016,0.207,101.6,111.6,0.46,0.317,48.0,12.5,No Playoffs,0.0,-10.0
MEM,2015-2016,0.512,105.5,107.8,0.477,0.331,49.1,12.3,Playoffs,1.0,-2.299999999999997
MIA,2015-2016,0.585,106.1,104.4,0.508,0.336,51.7,13.3,Division Champ,2.0,1.6999999999999886
MIL,2015-2016,0.402,104.3,108.8,0.499,0.345,49.2,14.2,No Playoffs,0.0,-4.5
MIN,2015-2016,0.354,106.5,110.2,0.498,0.338,49.8,13.9,No Playoffs,0.0,-3.700000000000003
NOP,2015-2016,0.366,105.6,109.5,0.498,0.36,49.0,12.3,No Playoffs,0.0,-3.9000000000000057
NYK,2015-2016,0.39,104.7,107.6,0.483,0.346,50.1,12.6,No Playoffs,0.0,-2.8999999999999915
OKC,2015-2016,0.671,113.2,105.7,0.524,0.349,54.7,14.0,Division Champ,2.0,7.5
ORL,2015-2016,0.427,105.1,106.8,0.5,0.35,49.4,12.8,No Playoffs,0.0,-1.7000000000000028
PHI,2015-2016,0.122,98.9,109.3,0.487,0.339,46.4,14.8,No Playoffs,0.0,-10.399999999999991
PHO,2015-2016,0.28,102.3,109.0,0.487,0.348,50.6,15.2,No Playoffs,0.0,-6.700000000000003
POR,2015-2016,0.537,108.8,108.0,0.511,0.37,51.0,13.2,Playoffs,1.0,0.7999999999999972
SAC,2015-2016,0.402,106.0,108.5,0.51,0.359,49.6,14.2,No Playoffs,0.0,-2.5
SAS,2015-2016,0.817,110.3,99.0,0.526,0.375,52.0,12.4,Division Champ,2.0,11.299999999999997
TOR,2015-2016,0.683,110.0,105.2,0.504,0.37,51.6,12.3,Division Champ,2.0,4.799999999999997
UTA,2015-2016,0.488,105.9,104.0,0.501,0.355,51.9,14.2,No Playoffs,0.0,1.9000000000000057
WAS,2015-2016,0.5,105.4,105.9,0.511,0.358,48.6,13.1,No Playoffs,0.0,-0.5
ATL,2016-2017,0.524,104.9,105.8,0.504,0.341,50.3,14.2,Playoffs,1.0,-0.8999999999999915
BOS,2016-2017,0.646,111.2,108.5,0.525,0.359,48.5,12.2,Division Champ,2.0,2.700000000000003
BRK,2016-2017,0.244,104.0,110.7,0.507,0.338,48.2,14.7,No Playoffs,0.0,-6.700000000000003
CHI,2016-2017,0.5,107.4,107.0,0.487,0.34,51.7,12.3,Playoffs,1.0,0.4000000000000057
CHO,2016-2017,0.439,108.8,108.6,0.501,0.351,49.5,10.7,No Playoffs,0.0,0.20000000000000284
CLE,2016-2017,0.622,113.6,110.3,0.547,0.384,49.7,12.6,Conference Champ,3.0,3.299999999999997
DAL,2016-2017,0.402,105.6,108.8,0.505,0.355,46.4,11.6,No Playoffs,0.0,-3.200000000000003
DEN,2016-2017,0.488,113.2,112.7,0.53,0.368,53.2,13.2,No Playoffs,0.0,0.5
DET,2016-2017,0.451,106.0,107.1,0.492,0.33,51.6,10.9,No Playoffs,0.0,-1.0999999999999943
GSW,2016-2017,0.817,115.6,104.0,0.563,0.383,50.5,13.2,Won Championship,4.0,11.599999999999994
HOU,2016-2017,0.671,114.8,109.0,0.545,0.357,50.2,13.3,Playoffs,1.0,5.799999999999997
IND,2016-2017,0.512,108.6,108.9,0.516,0.376,48.7,12.8,Playoffs,1.0,-0.30000000000001137
LAC,2016-2017,0.622,112.7,108.3,0.537,0.375,49.9,12.0,Playoffs,1.0,4.400000000000006
LAL,2016-2017,0.317,106.0,113.0,0.501,0.346,49.5,13.5,No Playoffs,0.0,-7.0
MEM,2016-2017,0.524,107.7,107.2,0.491,0.354,50.4,12.1,Playoffs,1.0,0.5
MIA,2016-2017,0.5,107.8,106.7,0.512,0.365,50.0,12.4,No Playoffs,0.0,1.0999999999999943
MIL,2016-2017,0.512,109.1,109.3,0.527,0.37,48.8,13.2,Playoffs,1.0,-0.20000000000000284
MIN,2016-2017,0.378,110.9,112.0,0.511,0.349,51.2,12.9,No Playoffs,0.0,-1.0999999999999943
NOP,2016-2017,0.415,105.2,107.4,0.504,0.35,47.5,11.7,No Playoffs,0.0,-2.200000000000003
NYK,2016-2017,0.378,107.7,111.5,0.496,0.348,50.3,12.4,No Playoffs,0.0,-3.799999999999997
OKC,2016-2017,0.573,108.3,107.5,0.5,0.327,53.4,13.2,Playoffs,1.0,0.7999999999999972
ORL,2016-2017,0.354,103.7,110.5,0.489,0.328,48.7,12.1,No Playoffs,0.0,-6.799999999999997
PHI,2016-2017,0.341,103.2,108.9,0.501,0.34,48.8,14.9,No Playoffs,0.0,-5.700000000000003
PHO,2016-2017,0.293,106.6,112.2,0.493,0.332,50.5,13.4,No Playoffs,0.0,-5.6000000000000085
POR,2016-2017,0.5,110.3,110.8,0.52,0.375,49.8,12.5,Playoffs,1.0,-0.5
SAC,2016-2017,0.39,107.3,111.3,0.516,0.376,48.9,13.7,No Playoffs,0.0,-4.0
SAS,2016-2017,0.744,111.1,103.5,0.524,0.391,51.4,12.6,Division Champ,2.0,7.599999999999994
TOR,2016-2017,0.622,112.3,107.9,0.517,0.363,50.7,11.8,Playoffs,1.0,4.3999999999999915
UTA,2016-2017,0.622,109.6,105.3,0.526,0.372,51.8,13.2,Division Champ,2.0,4.299999999999997
WAS,2016-2017,0.598,111.2,109.3,0.528,0.372,49.9,12.8,Division Champ,2.0,1.9000000000000057
ATL,2017-2018,0.293,105.1,110.6,0.512,0.36,48.7,14.1,No Playoffs,0.0,-5.5
BOS,2017-2018,0.671,107.6,103.9,0.518,0.377,50.3,12.9,Playoffs,1.0,3.6999999999999886
BRK,2017-2018,0.341,106.9,110.6,0.514,0.356,48.7,13.6,No Playoffs,0.0,-3.6999999999999886
CHI,2017-2018,0.329,103.8,110.9,0.497,0.355,49.4,12.6,No Playoffs,0.0,-7.1000000000000085
CHO,2017-2018,0.439,109.4,109.2,0.508,0.369,51.0,11.4,No Playoffs,0.0,0.20000000000000284
CLE,2017-2018,0.61,112.9,112.0,0.547,0.372,49.1,12.6,Conference Champ,3.0,0.9000000000000057
DAL,2017-2018,0.293,106.4,109.5,0.513,0.36,47.4,11.5,No Playoffs,0.0,-3.0999999999999943
DEN,2017-2018,0.561,112.5,111.0,0.536,0.371,51.7,13.4,No Playoffs,0.0,1.5
DET,2017-2018,0.476,107.2,107.3,0.512,0.373,50.0,12.3,No Playoffs,0.0,-0.09999999999999432
GSW,2017-2018,0.707,113.7,107.7,0.569,0.391,50.6,14.1,Won Championship,4.0,6.0
HOU,2017-2018,0.793,114.8,106.1,0.551,0.362,50.8,12.7,Division Champ,2.0,8.700000000000003
IND,2017-2018,0.585,109.5,108.1,0.525,0.369,49.6,12.3,Playoffs,1.0,1.4000000000000057
LAC,2017-2018,0.512,110.3,110.3,0.527,0.354,50.1,13.2,No Playoffs,0.0,0.0
LAL,2017-2018,0.427,106.5,108.1,0.517,0.345,50.9,13.8,No Playoffs,0.0,-1.5999999999999943
MEM,2017-2018,0.268,104.5,111.1,0.5,0.352,48.8,14.0,No Playoffs,0.0,-6.599999999999994
MIA,2017-2018,0.537,106.9,106.4,0.52,0.36,50.2,13.3,Division Champ,2.0,0.5
MIL,2017-2018,0.537,109.8,110.1,0.531,0.355,48.3,12.9,Playoffs,1.0,-0.29999999999999716
MIN,2017-2018,0.573,113.4,111.1,0.523,0.357,50.1,11.4,Playoffs,1.0,2.3000000000000114
NOP,2017-2018,0.585,109.6,108.3,0.541,0.362,49.4,13.3,Playoffs,1.0,1.2999999999999972
NYK,2017-2018,0.354,107.1,110.7,0.51,0.352,50.5,13.3,No Playoffs,0.0,-3.6000000000000085
OKC,2017-2018,0.585,110.7,107.2,0.514,0.354,51.7,12.4,Playoffs,1.0,3.5
ORL,2017-2018,0.305,105.2,110.1,0.512,0.351,47.6,13.3,No Playoffs,0.0,-4.8999999999999915
PHI,2017-2018,0.634,109.5,105.0,0.535,0.369,52.9,14.6,Playoffs,1.0,4.5
PHO,2017-2018,0.256,103.5,112.9,0.495,0.334,49.0,13.9,No Playoffs,0.0,-9.400000000000006
POR,2017-2018,0.598,109.1,106.4,0.511,0.366,51.4,12.3,Division Champ,2.0,2.6999999999999886
SAC,2017-2018,0.329,103.8,111.1,0.502,0.375,48.3,12.8,No Playoffs,0.0,-7.299999999999997
SAS,2017-2018,0.573,107.9,104.8,0.507,0.352,51.0,12.2,Playoffs,1.0,3.1000000000000085
TOR,2017-2018,0.72,113.8,105.9,0.539,0.358,50.9,12.1,Division Champ,2.0,7.8999999999999915
UTA,2017-2018,0.585,108.4,103.9,0.527,0.366,51.0,13.7,Playoffs,1.0,4.5
WAS,2017-2018,0.524,109.4,108.8,0.525,0.375,50.3,13.3,Playoffs,1.0,0.6000000000000085
ATL,2018-2019,0.354,108.2,113.9,0.522,0.352,50.0,14.3,No Playoffs,0.0,-5.700000000000003
BOS,2018-2019,0.598,112.2,107.8,0.534,0.365,49.3,11.5,Playoffs,1.0,4.400000000000006
BRK,2018-2019,0.512,109.6,109.7,0.52,0.353,50.2,13.0,Playoffs,1.0,-0.10000000000000853
CHI,2018-2019,0.268,104.8,113.2,0.505,0.351,48.0,12.7,No Playoffs,0.0,-8.400000000000006
CHO,2018-2019,0.476,111.4,112.5,0.514,0.351,48.9,10.9,No Playoffs,0.0,-1.0999999999999943
CLE,2018-2019,0.232,107.7,117.6,0.503,0.355,49.2,12.2,No Playoffs,0.0,-9.899999999999991
DAL,2018-2019,0.402,109.5,110.7,0.519,0.34,50.3,12.7,No Playoffs,0.0,-1.2000000000000028
DEN,2018-2019,0.659,113.0,108.9,0.527,0.351,52.2,11.9,Division Champ,2.0,4.099999999999994
DET,2018-2019,0.5,109.0,109.2,0.509,0.348,50.7,12.3,Playoffs,1.0,-0.20000000000000284
GSW,2018-2019,0.695,115.9,109.6,0.565,0.385,51.0,12.6,Conference Champ,3.0,6.300000000000011
HOU,2018-2019,0.646,115.6,110.7,0.542,0.356,48.1,12.0,Division Champ,2.0,4.8999999999999915
IND,2018-2019,0.585,109.9,106.5,0.53,0.374,49.6,12.4,Playoffs,1.0,3.4000000000000057
LAC,2018-2019,0.585,112.4,111.5,0.529,0.388,49.9,12.7,Playoffs,1.0,0.9000000000000057
LAL,2018-2019,0.451,107.8,109.5,0.527,0.333,49.9,13.4,No Playoffs,0.0,-1.7000000000000028
MEM,2018-2019,0.402,106.2,108.8,0.508,0.342,48.3,12.9,No Playoffs,0.0,-2.5999999999999943
MIA,2018-2019,0.476,107.4,107.6,0.515,0.349,51.2,13.1,No Playoffs,0.0,-0.19999999999998863
MIL,2018-2019,0.732,113.8,105.2,0.55,0.353,52.3,12.0,Division Champ,2.0,8.599999999999994
MIN,2018-2019,0.439,111.5,113.0,0.511,0.351,49.5,11.4,No Playoffs,0.0,-1.5
NOP,2018-2019,0.402,111.4,112.6,0.529,0.344,50.8,12.6,No Playoffs,0.0,-1.1999999999999886
NYK,2018-2019,0.207,104.5,113.7,0.49,0.34,48.5,12.4,No Playoffs,0.0,-9.200000000000003
OKC,2018-2019,0.598,110.3,107.1,0.514,0.348,51.3,11.7,Playoffs,1.0,3.200000000000003
ORL,2018-2019,0.512,108.9,108.1,0.518,0.356,50.4,11.9,Division Champ,2.0,0.8000000000000114
PHI,2018-2019,0.622,112.6,110.0,0.532,0.359,52.3,12.9,Playoffs,1.0,2.5999999999999943
PHO,2018-2019,0.232,105.9,115.1,0.514,0.329,46.1,13.8,No Playoffs,0.0,-9.199999999999989
POR,2018-2019,0.646,114.6,110.4,0.528,0.359,52.8,12.1,Playoffs,1.0,4.199999999999989
SAC,2018-2019,0.476,110.5,111.6,0.524,0.378,48.6,11.5,No Playoffs,0.0,-1.0999999999999943
SAS,2018-2019,0.585,112.9,111.2,0.534,0.392,50.5,11.0,Playoffs,1.0,1.7000000000000028
TOR,2018-2019,0.707,113.1,107.1,0.543,0.366,50.2,12.4,Won Championship,4.0,6.0
UTA,2018-2019,0.61,110.9,105.7,0.538,0.356,52.1,13.4,Playoffs,1.0,5.200000000000003
WAS,2018-2019,0.39,111.1,113.9,0.531,0.341,47.3,12.3,No Playoffs,0.0,-2.8000000000000114
ATL,2021-2022,0.524,116.5,114.9,0.543,0.374,50.1,10.8,Playoffs,1.0,1.5999999999999943
BOS,2021-2022,0.622,114.4,107.0,0.542,0.356,51.3,12.4,Conference Champ,3.0,7.400000000000006
BRK,2021-2022,0.537,113.6,112.9,0.54,0.361,50.2,12.5,Playoffs,1.0,0.6999999999999886
CHI,2021-2022,0.561,113.2,113.6,0.541,0.369,49.5,11.8,Playoffs,1.0,-0.3999999999999915
CHO,2021-2022,0.524,114.2,113.7,0.544,0.365,48.7,11.6,No Playoffs,0.0,0.5
CLE,2021-2022,0.537,111.9,109.7,0.538,0.355,50.8,13.2,No Playoffs,0.0,2.200000000000003
DAL,2021-2022,0.634,112.9,109.4,0.538,0.35,49.6,11.7,Playoffs,1.0,3.5
DEN,2021-2022,0.585,114.5,112.2,0.556,0.353,51.0,13.2,Playoffs,1.0,2.299999999999997
DET,2021-2022,0.28,106.0,113.8,0.494,0.326,48.2,12.6,No Playoffs,0.0,-7.799999999999997
GSW,2021-2022,0.646,112.5,106.9,0.552,0.364,51.6,13.5,Won Championship,4.0,5.599999999999994
HOU,2021-2022,0.244,108.4,116.8,0.534,0.349,47.9,14.5,No Playoffs,0.0,-8.399999999999991
IND,2021-2022,0.305,112.6,116.1,0.531,0.344,50.4,12.7,No Playoffs,0.0,-3.5
LAC,2021-2022,0.512,110.1,110.1,0.531,0.374,48.3,12.5,No Playoffs,0.0,0.0
LAL,2021-2022,0.402,110.3,113.3,0.537,0.347,48.6,12.8,No Playoffs,0.0,-3.0
MEM,2021-2022,0.683,114.7,109.0,0.522,0.353,53.3,11.2,Division Champ,2.0,5.700000000000003
MIA,2021-2022,0.646,113.7,109.1,0.547,0.379,51.2,13.4,Division Champ,2.0,4.6000000000000085
MIL,2021-2022,0.622,115.1,111.8,0.546,0.366,51.4,11.9,Division Champ,2.0,3.299999999999997
MIN,2021-2022,0.561,114.4,111.8,0.539,0.358,49.0,12.4,Playoffs,1.0,2.6000000000000085
NOP,2021-2022,0.439,112.0,113.0,0.517,0.332,52.0,12.5,Playoffs,1.0,-1.0
NYK,2021-2022,0.451,110.5,110.6,0.513,0.357,51.4,12.0,No Playoffs,0.0,-0.09999999999999432
OKC,2021-2022,0.293,104.6,112.8,0.497,0.323,48.5,12.5,No Playoffs,0.0,-8.200000000000003
ORL,2021-2022,0.268,104.5,112.5,0.503,0.331,48.4,13.0,No Playoffs,0.0,-8.0
PHI,2021-2022,0.622,113.5,110.8,0.534,0.364,48.9,11.6,Playoffs,1.0,2.700000000000003
PHO,2021-2022,0.78,114.9,107.4,0.549,0.364,50.5,11.6,Division Champ,2.0,7.5
POR,2021-2022,0.329,107.9,116.9,0.515,0.346,48.9,13.0,No Playoffs,0.0,-9.0
SAC,2021-2022,0.366,109.9,115.4,0.525,0.344,48.4,12.5,No Playoffs,0.0,-5.5
SAS,2021-2022,0.415,112.4,112.3,0.527,0.352,49.2,11.1,No Playoffs,0.0,0.10000000000000853
TOR,2021-2022,0.585,112.9,110.6,0.51,0.349,50.7,11.0,Playoffs,1.0,2.3000000000000114
UTA,2021-2022,0.598,116.7,110.5,0.555,0.36,52.7,12.7,Division Champ,2.0,6.200000000000003
WAS,2021-2022,0.427,111.1,114.6,0.532,0.342,49.4,12.1,No Playoffs,0.0,-3.5
ATL,2022-2023,0.5,116.6,116.3,0.541,0.352,50.2,11.2,Playoffs,1.0,0.29999999999999716
BOS,2022-2023,0.695,118.0,111.5,0.566,0.377,50.7,12.0,Division Champ,2.0,6.5
BRK,2022-2023,0.549,115.0,114.1,0.562,0.378,47.3,12.7,Playoffs,1.0,0.9000000000000057
CHI,2022-2023,0.488,113.5,112.2,0.55,0.361,49.4,12.2,No Playoffs,0.0,1.2999999999999972
CHO,2022-2023,0.329,109.2,115.4,0.516,0.33,49.1,12.3,No Playoffs,0.0,-6.200000000000003
CLE,2022-2023,0.622,116.1,110.6,0.556,0.367,49.9,12.3,Playoffs,1.0,5.5
DAL,2022-2023,0.463,116.9,116.8,0.565,0.371,46.4,11.4,No Playoffs,0.0,0.10000000000000853
DEN,2022-2023,0.646,117.6,114.2,0.573,0.379,51.3,13.1,Won Championship,4.0,3.3999999999999915
DET,2022-2023,0.207,110.7,118.9,0.52,0.351,48.7,13.3,No Playoffs,0.0,-8.200000000000003
GSW,2022-2023,0.537,116.2,114.4,0.571,0.385,50.7,14.1,Playoffs,1.0,1.7999999999999972
HOU,2022-2023,0.268,111.4,119.3,0.516,0.327,52.7,14.0,No Playoffs,0.0,-7.8999999999999915
IND,2022-2023,0.427,114.6,117.8,0.545,0.367,47.8,13.0,No Playoffs,0.0,-3.200000000000003
LAC,2022-2023,0.537,115.1,114.6,0.551,0.381,50.1,12.8,Playoffs,1.0,0.5
LAL,2022-2023,0.524,114.5,113.9,0.542,0.346,50.5,12.3,Playoffs,1.0,0.5999999999999943
MEM,2022-2023,0.622,115.1,111.2,0.54,0.351,51.2,11.7,Division Champ,2.0,3.8999999999999915
MIA,2022-2023,0.537,113.1,113.4,0.53,0.344,49.2,12.4,Conference Champ,3.0,-0.30000000000001137
MIL,2022-2023,0.707,115.5,111.9,0.555,0.368,52.4,12.7,Division Champ,2.0,3.5999999999999943
MIN,2022-2023,0.512,113.7,113.8,0.56,0.365,48.4,13.6,Playoffs,1.0,-0.09999999999999432
NOP,2022-2023,0.512,114.5,112.6,0.543,0.364,51.1,12.9,No Playoffs,0.0,1.9000000000000057
NYK,2022-2023,0.573,117.8,114.9,0.541,0.354,52.6,11.4,Playoffs,1.0,2.8999999999999915
OKC,2022-2023,0.488,115.2,114.2,0.531,0.356,48.4,11.2,No Playoffs,0.0,1.0
ORL,2022-2023,0.415,111.7,114.2,0.532,0.346,50.7,13.4,No Playoffs,0.0,-2.5
PHI,2022-2023,0.659,117.8,113.4,0.563,0.387,49.9,12.6,Playoffs,1.0,4.3999999999999915
PHO,2022-2023,0.549,115.1,113.0,0.535,0.374,50.8,12.0,Playoffs,1.0,2.0999999999999943
POR,2022-2023,0.402,114.8,118.9,0.549,0.365,48.4,13.1,No Playoffs,0.0,-4.1000000000000085
SAC,2022-2023,0.585,119.4,116.8,0.572,0.369,50.2,12.0,Division Champ,2.0,2.6000000000000085
SAS,2022-2023,0.268,110.3,120.1,0.525,0.345,49.3,13.0,No Playoffs,0.0,-9.799999999999997
TOR,2022-2023,0.5,115.5,114.0,0.517,0.335,50.4,10.3,No Playoffs,0.0,1.5
UTA,2022-2023,0.451,115.8,116.7,0.547,0.353,51.4,13.3,No Playoffs,0.0,-0.9000000000000057
WAS,2022-2023,0.427,114.4,115.6,0.55,0.356,50.4,12.7,No Playoffs,0.0,-1.1999999999999886
ATL,2023-2024,0.439,117.2,119.4,0.539,0.364,50.2,11.6,No Playoffs,0.0,-2.200000000000003
BOS,2023-2024,0.78,123.2,111.6,0.578,0.388,51.7,10.8,Won Championship,4.0,11.600000000000009
BRK,2023-2024,0.39,113.2,116.2,0.531,0.362,49.9,11.8,No Playoffs,0.0,-3.0
CHI,2023-2024,0.476,114.9,116.3,0.534,0.358,50.2,11.0,No Playoffs,0.0,-1.3999999999999915
CHO,2023-2024,0.256,109.3,119.8,0.529,0.355,47.0,12.6,No Playoffs,0.0,-10.5
CLE,2023-2024,0.585,115.2,112.8,0.557,0.367,50.4,12.4,Playoffs,1.0,2.4000000000000057
DAL,2023-2024,0.61,117.7,115.5,0.562,0.369,48.8,11.2,Conference Champ,3.0,2.200000000000003
DEN,2023-2024,0.695,118.5,113.1,0.562,0.374,51.2,11.5,Playoffs,1.0,5.400000000000006
DET,2023-2024,0.171,109.7,118.8,0.526,0.348,50.1,13.5,No Playoffs,0.0,-9.099999999999994
GSW,2023-2024,0.561,117.8,115.2,0.557,0.38,52.1,12.5,No Playoffs,0.0,2.5999999999999943
HOU,2023-2024,0.5,114.6,113.4,0.529,0.352,50.3,11.2,No Playoffs,0.0,1.1999999999999886
IND,2023-2024,0.573,121.1,118.1,0.578,0.374,48.9,11.3,Playoffs,1.0,3.0
LAC,2023-2024,0.622,118.8,115.4,0.561,0.381,50.5,12.0,Division Champ,2.0,3.3999999999999915
LAL,2023-2024,0.573,116.0,115.4,0.566,0.377,49.5,12.5,Playoffs,1.0,0.5999999999999943
MEM,2023-2024,0.329,107.2,114.3,0.509,0.346,48.3,13.4,No Playoffs,0.0,-7.099999999999994
MIA,2023-2024,0.561,114.1,112.3,0.538,0.37,49.7,11.7,Playoffs,1.0,1.7999999999999972
MIL,2023-2024,0.598,118.4,115.8,0.568,0.373,50.1,11.5,Division Champ,2.0,2.6000000000000085
MIN,2023-2024,0.683,115.6,109.0,0.559,0.387,51.3,13.0,Playoffs,1.0,6.599999999999994
NOP,2023-2024,0.598,117.4,112.9,0.558,0.383,51.0,11.8,Playoffs,1.0,4.5
NYK,2023-2024,0.61,118.2,113.4,0.54,0.369,52.7,11.9,Playoffs,1.0,4.799999999999997
OKC,2023-2024,0.695,119.5,112.1,0.573,0.389,48.5,11.4,Division Champ,2.0,7.400000000000006
ORL,2023-2024,0.573,113.4,111.3,0.541,0.352,51.5,13.3,Division Champ,2.0,2.1000000000000085
PHI,2023-2024,0.573,116.9,113.8,0.532,0.363,49.1,10.7,Playoffs,1.0,3.1000000000000085
PHO,2023-2024,0.598,117.7,114.6,0.565,0.382,51.6,13.4,Playoffs,1.0,3.1000000000000085
POR,2023-2024,0.256,108.3,117.5,0.503,0.345,49.4,13.4,No Playoffs,0.0,-9.200000000000003
SAC,2023-2024,0.561,117.0,115.2,0.556,0.366,50.8,11.6,No Playoffs,0.0,1.7999999999999972
SAS,2023-2024,0.268,110.0,116.4,0.532,0.347,49.4,13.2,No Playoffs,0.0,-6.400000000000006
TOR,2023-2024,0.305,112.4,118.8,0.535,0.347,48.6,12.4,No Playoffs,0.0,-6.3999999999999915
UTA,2023-2024,0.378,115.6,120.5,0.539,0.354,51.8,13.6,No Playoffs,0.0,-4.900000000000006
WAS,2023-2024,0.183,110.5,119.6,0.538,0.348,45.6,12.2,No Playoffs,0.0,-9.099999999999994
ATL,2024-2025,0.488,114.6,115.7,0.546,0.358,50.5,13.2,No Playoffs,0.0,-1.1000000000000085
BOS,2024-2025,0.744,120.6,111.2,0.561,0.368,50.9,10.8,Division Champ,2.0,9.399999999999991
BRK,2024-2025,0.317,108.5,115.8,0.516,0.344,48.6,13.7,No Playoffs,0.0,-7.299999999999997
CHI,2024-2025,0.476,114.1,115.6,0.553,0.367,49.9,12.7,No Playoffs,0.0,-1.5
CHO,2024-2025,0.232,107.3,116.6,0.503,0.339,50.0,13.7,No Playoffs,0.0,-9.299999999999997
CLE,2024-2025,0.78,121.8,112.2,0.578,0.383,51.0,11.6,Division Champ,2.0,9.599999999999994
DAL,2024-2025,0.476,114.8,116.0,0.549,0.364,48.7,12.5,No Playoffs,0.0,-1.2000000000000028
DEN,2024-2025,0.61,119.9,116.1,0.573,0.376,51.9,12.5,Playoffs,1.0,3.8000000000000114
DET,2024-2025,0.537,115.0,113.1,0.547,0.362,51.3,13.0,Playoffs,1.0,1.9000000000000057
GSW,2024-2025,0.585,115.1,111.7,0.536,0.364,50.7,12.3,Playoffs,1.0,3.3999999999999915
HOU,2024-2025,0.634,115.3,110.8,0.523,0.353,53.5,11.8,Division Champ,2.0,4.5
IND,2024-2025,0.61,116.5,114.3,0.562,0.368,48.2,11.8,Conference Champ,3.0,2.200000000000003
LAC,2024-2025,0.61,115.1,110.3,0.554,0.373,51.3,13.4,Playoffs,1.0,4.799999999999997
LAL,2024-2025,0.61,115.9,114.7,0.557,0.366,49.7,12.7,Division Champ,2.0,1.2000000000000028
MEM,2024-2025,0.585,117.8,113.1,0.554,0.367,52.0,13.1,Playoffs,1.0,4.700000000000003
MIA,2024-2025,0.451,113.5,112.9,0.544,0.367,49.3,12.4,Playoffs,1.0,0.5999999999999943
MIL,2024-2025,0.585,115.9,113.5,0.568,0.387,48.9,12.2,Playoffs,1.0,2.4000000000000057
MIN,2024-2025,0.598,116.6,111.5,0.554,0.377,50.8,13.0,Playoffs,1.0,5.099999999999994
NOP,2024-2025,0.256,110.4,119.9,0.519,0.347,48.8,12.8,No Playoffs,0.0,-9.5
NYK,2024-2025,0.622,118.5,114.3,0.556,0.369,50.5,11.9,Playoffs,1.0,4.200000000000003
OKC,2024-2025,0.829,120.4,107.5,0.56,0.374,50.0,10.3,Won Championship,4.0,12.900000000000006
ORL,2024-2025,0.5,109.4,109.5,0.51,0.318,49.8,12.9,Division Champ,2.0,-0.09999999999999432
PHI,2024-2025,0.293,111.9,118.3,0.527,0.341,46.6,12.3,No Playoffs,0.0,-6.3999999999999915
PHO,2024-2025,0.439,116.2,119.3,0.561,0.378,49.0,12.8,No Playoffs,0.0,-3.0999999999999943
POR,2024-2025,0.439,111.7,114.7,0.521,0.342,50.3,13.8,No Playoffs,0.0,-3.0
SAC,2024-2025,0.488,116.8,116.3,0.548,0.357,51.1,11.8,No Playoffs,0.0,0.5
SAS,2024-2025,0.415,114.4,117.2,0.544,0.357,48.6,12.3,No Playoffs,0.0,-2.799999999999997
TOR,2024-2025,0.366,110.5,114.8,0.522,0.348,50.1,13.3,No Playoffs,0.0,-4.299999999999997
UTA,2024-2025,0.207,111.2,120.5,0.533,0.35,50.7,14.9,No Playoffs,0.0,-9.299999999999997
WAS,2024-2025,0.22,106.8,119.0,0.512,0.335,47.2,13.6,No Playoffs,0.0,-12.200000000000003
